dimension,precision,recall,f1,support
word_root,0.9873417721518988,0.9873417721518988,0.9873417721518988,79.0
word_original_value_translation,0.9746835443037974,0.9620253164556962,0.9676511954992968,79.0
word_syntactic_category,0.9915611814345993,0.9873417721518988,0.9873417721518988,79.0
word_aspect,1.0,1.0,1.0,79.0
word_conjugation,1.0,1.0,1.0,79.0
word_object,0.9744973938942666,0.9620253164556962,0.9682158366441838,79.0
word_declension_case,0.9777576853526221,0.9746835443037974,0.975090283854905,79.0
word_verb_causing_declension,0.9156118143459915,0.9113924050632911,0.9080424498146016,79.0
