dimension,precision,recall,f1,support
root,1.0,1.0,1.0,79.0
original_value_translation,0.9177215189873418,0.9240506329113924,0.9198312236286919,79.0
syntactic_category,0.9915611814345993,0.9873417721518988,0.9873417721518988,79.0
aspect,0.9753867791842475,0.9746835443037974,0.974810281139395,79.0
conjugation,0.9936708860759493,0.9746835443037974,0.9809585632370443,79.0
object,1.0,0.9493670886075949,0.9739278292083884,79.0
declension_case,0.9677790563866513,0.9620253164556962,0.9624501813413847,79.0
verb_causing_declension,0.8839662447257384,0.7341772151898734,0.7870068293531689,79.0
other_syntactic_category,1.0,0.9620253164556962,0.9806451612903225,79.0
